{"stats":{"minecraft:dropped":{"minecraft:birch_planks":133,"minecraft:wheat_seeds":4,"minecraft:birch_sapling":5,"minecraft:chicken":1,"minecraft:feather":2,"minecraft:rotten_flesh":2,"minecraft:leather":6,"minecraft:stick":11,"minecraft:dirt":12,"minecraft:wooden_axe":2,"minecraft:andesite":6,"minecraft:wooden_pickaxe":2,"minecraft:stone_pickaxe":1},"minecraft:crafted":{"minecraft:cooked_beef":21,"minecraft:oak_planks":32,"minecraft:coal":1,"minecraft:cooked_porkchop":10,"minecraft:crafting_table":2,"minecraft:wooden_pickaxe":2,"minecraft:furnace":2,"minecraft:copper_ingot":52,"minecraft:birch_planks":460,"minecraft:stone_axe":1,"minecraft:air":0,"minecraft:iron_chestplate":1,"minecraft:shield":1,"minecraft:iron_axe":1,"minecraft:stick":16,"minecraft:iron_ingot":70,"minecraft:iron_pickaxe":1,"minecraft:stone_pickaxe":1,"minecraft:wooden_axe":4,"minecraft:gold_ingot":18,"minecraft:copper_block":5,"minecraft:white_bed":1,"minecraft:redstone_block":8,"minecraft:torch":48},"minecraft:used":{"minecraft:stone_pickaxe":108,"minecraft:wooden_pickaxe":3,"minecraft:shield":11,"dynamictrees:oak_seed":1,"minecraft:rotten_flesh":2,"minecraft:torch":5,"minecraft:dirt":1,"minecraft:crafting_table":8,"minecraft:white_bed":1,"minecraft:wooden_axe":167,"minecraft:iron_axe":17,"minecraft:birch_sapling":2,"minecraft:iron_pickaxe":75,"minecraft:gravel":3,"minecraft:lilac":1,"minecraft:stone_axe":85,"minecraft:cobblestone":18,"minecraft:furnace":5,"minecraft:cooked_porkchop":2,"minecraft:andesite":6,"minecraft:egg":4,"minecraft:cooked_beef":23,"minecraft:cobbled_deepslate":8},"minecraft:broken":{"minecraft:stone_axe":1,"minecraft:wooden_axe":2},"minecraft:custom":{"minecraft:interact_with_furnace":27,"minecraft:mob_kills":51,"minecraft:interact_with_crafting_table":17,"goblintraders:trade_with_goblin":60,"minecraft:leave_game":1,"minecraft:time_since_death":7344,"minecraft:sleep_in_bed":1,"minecraft:time_since_rest":47203,"minecraft:sprint_one_cm":102961,"minecraft:damage_taken":3973,"minecraft:walk_one_cm":96708,"minecraft:damage_blocked_by_shield":645,"minecraft:drop":29,"minecraft:damage_dealt":6306,"minecraft:swim_one_cm":17074,"minecraft:player_kills":1,"minecraft:fly_one_cm":181097,"minecraft:crouch_one_cm":11055,"minecraft:play_time":147814,"minecraft:sneak_time":6594,"minecraft:deaths":7,"minecraft:walk_under_water_one_cm":8833,"minecraft:jump":2134,"minecraft:walk_on_water_one_cm":15182,"minecraft:total_world_time":147814,"minecraft:fall_one_cm":40770},"minecraft:mined":{"minecraft:deepslate_redstone_ore":11,"minecraft:white_bed":1,"dynamictrees:birch_branch":20,"minecraft:crafting_table":6,"minecraft:torch":1,"minecraft:copper_ore":7,"minecraft:deepslate_gold_ore":7,"minecraft:air":4,"minecraft:redstone_ore":6,"minecraft:furnace":2,"minecraft:birch_log":144,"minecraft:iron_ore":37,"minecraft:birch_leaves":7,"minecraft:andesite":3,"minecraft:grass":15,"minecraft:coal_ore":46,"minecraft:deepslate_iron_ore":13,"minecraft:gravel":3,"minecraft:dirt":2,"dynamictrees:oak_sapling":1,"minecraft:stone":39,"minecraft:gold_ore":5,"minecraft:deepslate":8},"minecraft:killed_by":{"minecraft:player":1,"minecraft:skeleton":2,"minecraft:creeper":1,"minecraft:zombie":3},"minecraft:picked_up":{"minecraft:wooden_axe":1,"minecraft:birch_log":151,"minecraft:crafting_table":6,"minecraft:lilac":1,"minecraft:feather":9,"minecraft:cooked_beef":2,"minecraft:chicken":5,"minecraft:andesite":12,"minecraft:leather":15,"minecraft:wooden_pickaxe":1,"minecraft:birch_planks":64,"minecraft:oak_log":8,"minecraft:gunpowder":2,"minecraft:dirt":14,"minecraft:raw_copper":26,"minecraft:bone":4,"minecraft:wheat_seeds":4,"minecraft:cobbled_deepslate":8,"minecraft:raw_gold":12,"minecraft:beef":39,"dynamictrees:oak_seed":9,"minecraft:birch_sapling":38,"minecraft:furnace":5,"minecraft:egg":4,"minecraft:stick":28,"minecraft:raw_iron":50,"minecraft:torch":1,"minecraft:acacia_log":7,"minecraft:gravel":3,"minecraft:porkchop":21,"dynamictrees:acacia_seed":1,"minecraft:white_bed":1,"minecraft:redstone":76,"minecraft:arrow":5,"minecraft:rotten_flesh":9,"minecraft:saddle":1,"minecraft:black_wool":1,"minecraft:mutton":15,"minecraft:coal":115,"minecraft:white_wool":9,"minecraft:cobblestone":42},"minecraft:killed":{"minecraft:pig":10,"minecraft:witch":1,"minecraft:spider":2,"minecraft:skeleton":4,"minecraft:sheep":10,"minecraft:zombie":10,"minecraft:chicken":4,"minecraft:cow":10}},"DataVersion":3465}