{"stats":{"minecraft:killed_by":{"minecraft:player":2,"minecraft:creeper":1,"minecraft:skeleton":2,"minecraft:zombie":3},"minecraft:used":{"minecraft:iron_shovel":165,"minecraft:flint_and_steel":17,"minecraft:shield":21,"minecraft:iron_sword":125,"minecraft:cooked_chicken":6,"minecraft:rotten_flesh":7,"dynamictrees:oak_seed":1,"minecraft:netherrack":13,"minecraft:torch":9,"minecraft:dirt":27,"minecraft:obsidian":1,"minecraft:wooden_axe":167,"minecraft:iron_axe":182,"minecraft:birch_sapling":2,"minecraft:warped_nylium":9,"minecraft:basalt":2,"minecraft:bow":6,"minecraft:furnace":10,"minecraft:egg":5,"minecraft:cooked_beef":23,"minecraft:cobbled_deepslate":8,"minecraft:cooked_mutton":25,"minecraft:birch_planks":61,"minecraft:stone_pickaxe":108,"minecraft:wooden_pickaxe":3,"travelersbackpack:bee":1,"minecraft:crafting_table":15,"minecraft:birch_sign":3,"minecraft:white_bed":1,"minecraft:ender_eye":1,"minecraft:iron_pickaxe":119,"minecraft:gravel":215,"minecraft:lilac":1,"minecraft:stone_axe":85,"minecraft:cobblestone":18,"travelersbackpack:magma_cube":1,"minecraft:cooked_porkchop":18,"minecraft:andesite":6,"minecraft:bucket":4},"minecraft:dropped":{"minecraft:water_bucket":1,"minecraft:birch_planks":133,"minecraft:wheat_seeds":7,"minecraft:cooked_porkchop":5,"minecraft:feather":16,"minecraft:cobblestone":2,"minecraft:leather":6,"minecraft:copper_ingot":1,"minecraft:stick":13,"minecraft:dirt":14,"minecraft:wooden_axe":2,"minecraft:iron_axe":1,"minecraft:string":1,"dynamictrees:acacia_seed":6,"minecraft:gold_ingot":21,"minecraft:redstone":8,"dynamictrees:oak_seed":16,"minecraft:birch_sapling":5,"minecraft:chicken":1,"minecraft:rotten_flesh":8,"minecraft:cooked_mutton":11,"minecraft:andesite":6,"minecraft:spider_eye":1,"minecraft:birch_button":1,"minecraft:bow":1,"minecraft:wooden_pickaxe":2,"minecraft:stone_pickaxe":1,"minecraft:black_wool":3},"minecraft:killed":{"minecraft:zombified_piglin":6,"minecraft:witch":1,"minecraft:spider":5,"minecraft:skeleton":13,"minecraft:chicken":6,"minecraft:piglin":1,"minecraft:pig":12,"minecraft:hoglin":2,"minecraft:sheep":15,"minecraft:zombie":19,"minecraft:ghast":1,"minecraft:enderman":19,"minecraft:blaze":2,"minecraft:cow":14},"minecraft:picked_up":{"minecraft:wooden_axe":1,"minecraft:crafting_table":10,"minecraft:chicken":5,"minecraft:nether_brick_fence":2,"minecraft:wooden_pickaxe":1,"minecraft:potion":1,"minecraft:nether_brick":8,"minecraft:golden_sword":1,"minecraft:string":10,"minecraft:iron_axe":1,"minecraft:raw_copper":47,"minecraft:gold_nugget":74,"minecraft:cobbled_deepslate":8,"minecraft:beef":41,"minecraft:ender_eye":2,"dynamictrees:oak_seed":22,"minecraft:sugar_cane":7,"minecraft:birch_sapling":38,"minecraft:furnace":8,"minecraft:egg":5,"minecraft:stick":59,"minecraft:raw_iron":50,"minecraft:copper_ingot":1,"minecraft:torch":2,"minecraft:acacia_log":22,"minecraft:fire_charge":3,"minecraft:porkchop":24,"minecraft:carrot":1,"minecraft:redstone":80,"minecraft:arrow":15,"minecraft:rotten_flesh":21,"dynamictrees:crimson_seed":2,"minecraft:saddle":1,"minecraft:gold_ingot":5,"minecraft:obsidian":1,"minecraft:mutton":23,"minecraft:white_wool":13,"minecraft:cobblestone":44,"minecraft:birch_log":151,"minecraft:cooked_beef":5,"minecraft:feather":20,"minecraft:basalt":2,"minecraft:lilac":1,"minecraft:andesite":12,"minecraft:leather":17,"minecraft:birch_planks":113,"minecraft:flint":14,"minecraft:oak_log":23,"minecraft:golden_boots":1,"minecraft:nether_wart_block":1,"minecraft:gunpowder":4,"travelersbackpack:magma_cube":2,"minecraft:dirt":64,"minecraft:cooked_mutton":10,"minecraft:bone":11,"minecraft:bow":1,"minecraft:wheat_seeds":7,"minecraft:cooked_chicken":2,"minecraft:raw_gold":12,"dynamictrees:warped_seed":3,"travelersbackpack:bee":1,"minecraft:glowstone_dust":4,"minecraft:cooked_porkchop":4,"minecraft:quartz":6,"minecraft:gravel":215,"dynamictrees:acacia_seed":8,"minecraft:white_bed":1,"minecraft:crying_obsidian":6,"minecraft:spider_eye":1,"minecraft:warped_roots":12,"minecraft:warped_nylium":9,"minecraft:netherrack":13,"minecraft:black_wool":3,"minecraft:coal":140,"minecraft:crimson_roots":3,"minecraft:ender_pearl":9},"minecraft:broken":{"minecraft:iron_axe":1,"minecraft:stone_axe":1,"minecraft:wooden_axe":2},"minecraft:custom":{"minecraft:mob_kills":119,"minecraft:interact_with_crafting_table":49,"goblintraders:trade_with_goblin":60,"minecraft:leave_game":3,"minecraft:time_since_death":31992,"minecraft:climb_one_cm":1703,"minecraft:sprint_one_cm":266536,"minecraft:walk_one_cm":230454,"minecraft:damage_blocked_by_shield":990,"minecraft:drop":61,"minecraft:talked_to_villager":9,"minecraft:play_time":380235,"minecraft:sneak_time":11358,"minecraft:deaths":9,"minecraft:walk_under_water_one_cm":17983,"minecraft:jump":4452,"minecraft:walk_on_water_one_cm":32216,"minecraft:total_world_time":380235,"minecraft:interact_with_furnace":53,"minecraft:sleep_in_bed":1,"minecraft:time_since_rest":32018,"minecraft:waystone_activated":1,"minecraft:damage_taken":9727,"minecraft:damage_dealt":21386,"minecraft:swim_one_cm":61851,"minecraft:fly_one_cm":526359,"minecraft:player_kills":2,"minecraft:open_chest":9,"minecraft:crouch_one_cm":20497,"minecraft:fall_one_cm":130167},"minecraft:crafted":{"minecraft:oak_planks":32,"minecraft:coal":1,"minecraft:cooked_chicken":4,"minecraft:furnace":2,"minecraft:cooked_mutton":26,"minecraft:flint_and_steel":1,"minecraft:bow":2,"minecraft:iron_boots":1,"minecraft:iron_axe":2,"minecraft:stone_pickaxe":1,"minecraft:copper_block":8,"minecraft:redstone_block":8,"minecraft:birch_button":1,"minecraft:birch_sign":3,"minecraft:cooked_beef":21,"minecraft:arrow":16,"minecraft:cooked_porkchop":21,"minecraft:crafting_table":6,"minecraft:wooden_pickaxe":2,"minecraft:iron_helmet":1,"minecraft:iron_sword":1,"minecraft:copper_ingot":72,"minecraft:bucket":1,"minecraft:birch_planks":508,"minecraft:stone_axe":1,"minecraft:air":0,"minecraft:iron_chestplate":1,"minecraft:shield":1,"minecraft:stick":24,"minecraft:iron_pickaxe":1,"minecraft:iron_ingot":70,"minecraft:wooden_axe":4,"minecraft:iron_shovel":1,"minecraft:iron_leggings":1,"minecraft:gold_ingot":18,"minecraft:white_bed":1,"minecraft:torch":48},"minecraft:mined":{"minecraft:nether_gold_ore":17,"minecraft:white_bed":1,"dynamictrees:birch_branch":20,"minecraft:granite":1,"minecraft:grass_block":3,"minecraft:crimson_roots":3,"minecraft:redstone_ore":6,"minecraft:furnace":5,"minecraft:fire":15,"minecraft:iron_ore":37,"travelersbackpack:magma_cube":1,"minecraft:andesite":3,"minecraft:nether_brick_fence":2,"minecraft:deepslate_iron_ore":13,"dynamictrees:crimson_wart":1,"minecraft:stone":39,"dynamictrees:acacia_branch":41,"minecraft:deepslate_redstone_ore":11,"minecraft:basalt":2,"minecraft:crafting_table":11,"minecraft:torch":2,"minecraft:warped_roots":12,"minecraft:tall_grass":10,"minecraft:copper_ore":9,"minecraft:deepslate_gold_ore":7,"minecraft:sugar_cane":3,"dynamictrees:crimson_sapling":1,"minecraft:deepslate_copper_ore":3,"minecraft:air":30,"minecraft:birch_planks":1,"minecraft:birch_log":144,"minecraft:birch_leaves":7,"dynamictrees:warped_sapling":1,"minecraft:grass":37,"minecraft:coal_ore":47,"minecraft:gravel":162,"minecraft:dirt":8,"dynamictrees:oak_sapling":1,"minecraft:netherrack":13,"minecraft:gold_ore":5,"minecraft:deepslate":8}},"DataVersion":3465}