{"stats":{"minecraft:dropped":{"minecraft:birch_planks":133,"minecraft:wheat_seeds":6,"minecraft:cooked_porkchop":5,"minecraft:feather":16,"minecraft:cobblestone":2,"minecraft:leather":6,"minecraft:copper_ingot":1,"minecraft:stick":13,"minecraft:dirt":14,"minecraft:wooden_axe":2,"minecraft:iron_axe":1,"minecraft:string":1,"dynamictrees:acacia_seed":6,"minecraft:redstone":8,"dynamictrees:oak_seed":16,"minecraft:birch_sapling":5,"minecraft:chicken":1,"minecraft:rotten_flesh":8,"minecraft:cooked_mutton":11,"minecraft:andesite":6,"minecraft:spider_eye":1,"minecraft:birch_button":1,"minecraft:wooden_pickaxe":2,"minecraft:stone_pickaxe":1,"minecraft:black_wool":3},"minecraft:crafted":{"minecraft:oak_planks":32,"minecraft:coal":1,"minecraft:cooked_chicken":4,"minecraft:furnace":2,"minecraft:cooked_mutton":26,"minecraft:iron_boots":1,"minecraft:iron_axe":1,"minecraft:stone_pickaxe":1,"minecraft:copper_block":8,"minecraft:redstone_block":8,"minecraft:birch_button":1,"minecraft:birch_sign":3,"minecraft:cooked_beef":21,"minecraft:cooked_porkchop":21,"minecraft:crafting_table":4,"minecraft:wooden_pickaxe":2,"minecraft:iron_helmet":1,"minecraft:iron_sword":1,"minecraft:copper_ingot":72,"minecraft:bucket":1,"minecraft:birch_planks":508,"minecraft:stone_axe":1,"minecraft:air":0,"minecraft:iron_chestplate":1,"minecraft:shield":1,"minecraft:stick":24,"minecraft:iron_pickaxe":1,"minecraft:iron_ingot":70,"minecraft:wooden_axe":4,"minecraft:iron_leggings":1,"minecraft:gold_ingot":18,"minecraft:white_bed":1,"minecraft:torch":48},"minecraft:used":{"minecraft:shield":12,"minecraft:iron_sword":36,"dynamictrees:oak_seed":1,"minecraft:cooked_chicken":4,"minecraft:rotten_flesh":2,"minecraft:torch":9,"minecraft:dirt":19,"minecraft:wooden_axe":167,"minecraft:iron_axe":109,"minecraft:birch_sapling":2,"minecraft:bow":2,"minecraft:furnace":10,"minecraft:egg":4,"minecraft:cooked_beef":23,"minecraft:cobbled_deepslate":8,"minecraft:cooked_mutton":3,"minecraft:stone_pickaxe":108,"minecraft:wooden_pickaxe":3,"minecraft:crafting_table":13,"minecraft:birch_sign":3,"minecraft:white_bed":1,"minecraft:iron_pickaxe":94,"minecraft:gravel":3,"minecraft:lilac":1,"minecraft:stone_axe":85,"minecraft:cobblestone":18,"minecraft:cooked_porkchop":12,"minecraft:bucket":4,"minecraft:andesite":6},"minecraft:broken":{"minecraft:stone_axe":1,"minecraft:wooden_axe":2},"minecraft:custom":{"minecraft:mob_kills":72,"minecraft:interact_with_crafting_table":41,"goblintraders:trade_with_goblin":60,"minecraft:leave_game":3,"minecraft:time_since_death":145647,"minecraft:climb_one_cm":1267,"minecraft:sprint_one_cm":173838,"minecraft:walk_one_cm":140092,"minecraft:damage_blocked_by_shield":675,"minecraft:drop":57,"minecraft:talked_to_villager":9,"minecraft:play_time":286117,"minecraft:deaths":7,"minecraft:sneak_time":8291,"minecraft:walk_under_water_one_cm":11871,"minecraft:jump":3018,"minecraft:walk_on_water_one_cm":21288,"minecraft:total_world_time":286117,"minecraft:interact_with_furnace":53,"minecraft:sleep_in_bed":1,"minecraft:time_since_rest":185506,"minecraft:waystone_activated":1,"minecraft:damage_taken":5153,"minecraft:damage_dealt":9607,"minecraft:fly_one_cm":349389,"minecraft:swim_one_cm":22796,"minecraft:player_kills":1,"minecraft:open_chest":2,"minecraft:crouch_one_cm":14547,"minecraft:fall_one_cm":72867},"minecraft:mined":{"minecraft:nether_gold_ore":8,"minecraft:white_bed":1,"dynamictrees:birch_branch":20,"minecraft:granite":1,"minecraft:crimson_roots":3,"minecraft:redstone_ore":6,"minecraft:furnace":5,"minecraft:iron_ore":37,"minecraft:andesite":3,"minecraft:deepslate_iron_ore":13,"minecraft:stone":39,"dynamictrees:acacia_branch":41,"minecraft:deepslate_redstone_ore":11,"minecraft:crafting_table":10,"minecraft:torch":1,"minecraft:tall_grass":6,"minecraft:copper_ore":9,"minecraft:deepslate_gold_ore":7,"minecraft:sugar_cane":3,"minecraft:deepslate_copper_ore":3,"minecraft:air":30,"minecraft:birch_log":144,"minecraft:birch_leaves":7,"minecraft:grass":22,"minecraft:coal_ore":47,"minecraft:gravel":3,"minecraft:dirt":2,"dynamictrees:oak_sapling":1,"minecraft:netherrack":1,"minecraft:gold_ore":5,"minecraft:deepslate":8},"minecraft:killed_by":{"minecraft:player":1,"minecraft:creeper":1,"minecraft:skeleton":2,"minecraft:zombie":3},"minecraft:picked_up":{"minecraft:wooden_axe":1,"minecraft:crafting_table":9,"minecraft:chicken":5,"minecraft:wooden_pickaxe":1,"minecraft:iron_axe":1,"minecraft:string":2,"minecraft:raw_copper":47,"minecraft:gold_nugget":33,"minecraft:cobbled_deepslate":8,"minecraft:beef":39,"dynamictrees:oak_seed":22,"minecraft:sugar_cane":7,"minecraft:birch_sapling":38,"minecraft:egg":4,"minecraft:furnace":8,"minecraft:stick":59,"minecraft:raw_iron":50,"minecraft:copper_ingot":1,"minecraft:torch":1,"minecraft:acacia_log":22,"minecraft:porkchop":21,"minecraft:redstone":80,"minecraft:rotten_flesh":15,"minecraft:arrow":9,"minecraft:gold_ingot":4,"minecraft:saddle":1,"minecraft:mutton":23,"minecraft:white_wool":13,"minecraft:cobblestone":43,"minecraft:birch_log":151,"minecraft:cooked_beef":2,"minecraft:feather":16,"minecraft:lilac":1,"minecraft:andesite":12,"minecraft:leather":15,"minecraft:birch_planks":112,"minecraft:oak_log":23,"minecraft:golden_boots":1,"minecraft:gunpowder":4,"minecraft:dirt":33,"minecraft:bone":7,"minecraft:bow":1,"minecraft:wheat_seeds":6,"minecraft:raw_gold":12,"travelersbackpack:bee":1,"minecraft:glowstone_dust":4,"minecraft:quartz":6,"minecraft:gravel":3,"dynamictrees:acacia_seed":8,"minecraft:white_bed":1,"minecraft:spider_eye":1,"minecraft:netherrack":1,"minecraft:black_wool":3,"minecraft:coal":140,"minecraft:crimson_roots":2},"minecraft:killed":{"minecraft:witch":1,"minecraft:spider":4,"minecraft:skeleton":8,"minecraft:chicken":4,"minecraft:pig":10,"minecraft:hoglin":1,"minecraft:sheep":15,"minecraft:zombie":16,"minecraft:cow":12}},"DataVersion":3465}