{"stats":{"minecraft:dropped":{"minecraft:birch_planks":133,"minecraft:wheat_seeds":5,"dynamictrees:oak_seed":16,"minecraft:birch_sapling":5,"minecraft:chicken":1,"minecraft:feather":16,"minecraft:rotten_flesh":6,"minecraft:leather":6,"minecraft:stick":13,"minecraft:dirt":14,"minecraft:wooden_axe":2,"minecraft:andesite":6,"minecraft:wooden_pickaxe":2,"minecraft:stone_pickaxe":1,"minecraft:black_wool":2,"dynamictrees:acacia_seed":6,"minecraft:redstone":8},"minecraft:crafted":{"minecraft:cooked_beef":21,"minecraft:oak_planks":32,"minecraft:coal":1,"minecraft:cooked_porkchop":21,"minecraft:crafting_table":2,"minecraft:cooked_chicken":4,"minecraft:wooden_pickaxe":2,"minecraft:furnace":2,"minecraft:copper_ingot":72,"minecraft:birch_planks":508,"minecraft:stone_axe":1,"minecraft:cooked_mutton":15,"minecraft:air":0,"minecraft:iron_chestplate":1,"minecraft:shield":1,"minecraft:iron_axe":1,"minecraft:stick":16,"minecraft:iron_ingot":70,"minecraft:iron_pickaxe":1,"minecraft:stone_pickaxe":1,"minecraft:wooden_axe":4,"minecraft:gold_ingot":18,"minecraft:white_bed":1,"minecraft:copper_block":8,"minecraft:redstone_block":8,"minecraft:torch":48},"minecraft:used":{"minecraft:stone_pickaxe":108,"minecraft:wooden_pickaxe":3,"minecraft:shield":11,"dynamictrees:oak_seed":1,"minecraft:rotten_flesh":2,"minecraft:torch":9,"minecraft:dirt":1,"minecraft:crafting_table":10,"minecraft:white_bed":1,"minecraft:wooden_axe":167,"minecraft:iron_axe":94,"minecraft:birch_sapling":2,"minecraft:iron_pickaxe":85,"minecraft:gravel":3,"minecraft:lilac":1,"minecraft:stone_axe":85,"minecraft:cobblestone":18,"minecraft:furnace":8,"minecraft:cooked_porkchop":7,"minecraft:andesite":6,"minecraft:egg":4,"minecraft:cooked_beef":23,"minecraft:cobbled_deepslate":8},"minecraft:broken":{"minecraft:stone_axe":1,"minecraft:wooden_axe":2},"minecraft:custom":{"minecraft:interact_with_furnace":48,"minecraft:mob_kills":52,"minecraft:interact_with_crafting_table":38,"goblintraders:trade_with_goblin":60,"minecraft:leave_game":2,"minecraft:time_since_death":37454,"minecraft:sleep_in_bed":1,"minecraft:time_since_rest":77313,"minecraft:sprint_one_cm":120455,"minecraft:damage_taken":4309,"minecraft:walk_one_cm":112320,"minecraft:damage_blocked_by_shield":645,"minecraft:drop":46,"minecraft:damage_dealt":6655,"minecraft:swim_one_cm":17074,"minecraft:player_kills":1,"minecraft:fly_one_cm":215259,"minecraft:open_chest":1,"minecraft:crouch_one_cm":12626,"minecraft:play_time":177924,"minecraft:sneak_time":7466,"minecraft:deaths":7,"minecraft:walk_under_water_one_cm":9112,"minecraft:jump":2348,"minecraft:walk_on_water_one_cm":18410,"minecraft:total_world_time":177924,"minecraft:fall_one_cm":50613},"minecraft:mined":{"minecraft:deepslate_redstone_ore":11,"minecraft:white_bed":1,"dynamictrees:birch_branch":20,"minecraft:crafting_table":9,"minecraft:granite":1,"minecraft:torch":1,"minecraft:tall_grass":2,"minecraft:copper_ore":9,"minecraft:deepslate_gold_ore":7,"minecraft:deepslate_copper_ore":3,"minecraft:air":30,"minecraft:redstone_ore":6,"minecraft:furnace":5,"minecraft:birch_log":144,"minecraft:iron_ore":37,"minecraft:birch_leaves":7,"minecraft:andesite":3,"minecraft:grass":16,"minecraft:coal_ore":47,"minecraft:deepslate_iron_ore":13,"minecraft:gravel":3,"minecraft:dirt":2,"dynamictrees:oak_sapling":1,"minecraft:stone":39,"minecraft:gold_ore":5,"dynamictrees:acacia_branch":41,"minecraft:deepslate":8},"minecraft:killed_by":{"minecraft:player":1,"minecraft:skeleton":2,"minecraft:creeper":1,"minecraft:zombie":3},"minecraft:picked_up":{"minecraft:wooden_axe":1,"minecraft:birch_log":151,"minecraft:crafting_table":8,"minecraft:lilac":1,"minecraft:feather":16,"minecraft:cooked_beef":2,"minecraft:chicken":5,"minecraft:andesite":12,"minecraft:leather":15,"minecraft:wooden_pickaxe":1,"minecraft:birch_planks":112,"minecraft:oak_log":8,"minecraft:gunpowder":4,"minecraft:dirt":15,"minecraft:raw_copper":47,"minecraft:bone":4,"minecraft:wheat_seeds":5,"minecraft:cobbled_deepslate":8,"minecraft:raw_gold":12,"minecraft:beef":39,"dynamictrees:oak_seed":17,"minecraft:birch_sapling":38,"minecraft:furnace":8,"minecraft:egg":4,"minecraft:stick":30,"minecraft:raw_iron":50,"minecraft:torch":1,"minecraft:acacia_log":12,"minecraft:gravel":3,"minecraft:porkchop":21,"dynamictrees:acacia_seed":6,"minecraft:white_bed":1,"minecraft:redstone":80,"minecraft:arrow":5,"minecraft:rotten_flesh":11,"minecraft:saddle":1,"minecraft:black_wool":2,"minecraft:mutton":15,"minecraft:coal":140,"minecraft:white_wool":9,"minecraft:cobblestone":42},"minecraft:killed":{"minecraft:pig":10,"minecraft:witch":1,"minecraft:spider":2,"minecraft:skeleton":4,"minecraft:sheep":10,"minecraft:zombie":11,"minecraft:chicken":4,"minecraft:cow":10}},"DataVersion":3465}