{"stats":{"minecraft:custom":{"minecraft:jump":102,"minecraft:time_since_rest":9237,"minecraft:damage_dealt":390,"minecraft:crouch_one_cm":157,"minecraft:sprint_one_cm":2922,"minecraft:play_time":9237,"minecraft:damage_taken":225,"minecraft:time_since_death":9237,"minecraft:walk_one_cm":8305,"minecraft:sneak_time":88,"minecraft:total_world_time":9237,"minecraft:mob_kills":2,"minecraft:fall_one_cm":2299,"minecraft:fly_one_cm":6533},"minecraft:picked_up":{"minecraft:rotten_flesh":2},"minecraft:killed":{"minecraft:zombie":2},"minecraft:used":{"minecraft:rotten_flesh":2},"minecraft:mined":{"minecraft:grass":1}},"DataVersion":3465}