{"stats":{"minecraft:dropped":{"minecraft:golden_boots":1,"minecraft:birch_planks":64,"minecraft:wheat_seeds":8,"minecraft:feather":2,"minecraft:apple":7,"minecraft:saddle":2,"minecraft:coal":45,"minecraft:dirt":1,"minecraft:diorite":2,"minecraft:wooden_axe":1,"minecraft:string":2,"minecraft:birch_log":6,"dynamictrees:acacia_seed":2,"minecraft:gold_ingot":5,"minecraft:furnace":6,"minecraft:stone_axe":1,"dynamictrees:oak_seed":5,"minecraft:cobbled_deepslate":6,"minecraft:raw_copper":8,"minecraft:birch_sapling":13,"minecraft:rotten_flesh":12,"travelersbackpack:iron":1,"minecraft:birch_button":1,"minecraft:stone_pickaxe":1,"minecraft:wooden_pickaxe":1,"minecraft:egg":1},"minecraft:crafted":{"minecraft:oak_planks":28,"minecraft:cooked_chicken":1,"minecraft:furnace":1,"minecraft:iron_boots":1,"minecraft:iron_axe":2,"minecraft:stone_pickaxe":1,"minecraft:chest":1,"minecraft:golden_boots":1,"minecraft:wheat":162,"minecraft:cooked_beef":4,"minecraft:cooked_porkchop":10,"minecraft:crafting_table":2,"minecraft:wooden_pickaxe":1,"minecraft:iron_helmet":1,"minecraft:iron_sword":1,"minecraft:bucket":1,"minecraft:birch_planks":28,"minecraft:stone_axe":1,"minecraft:bread":54,"minecraft:air":0,"minecraft:iron_chestplate":1,"minecraft:shield":1,"minecraft:stick":4,"minecraft:iron_ingot":42,"minecraft:iron_pickaxe":2,"minecraft:wooden_axe":1,"minecraft:gold_ingot":9,"minecraft:iron_leggings":1,"minecraft:white_bed":1,"minecraft:torch":4},"minecraft:used":{"minecraft:flint_and_steel":1,"minecraft:chest":2,"minecraft:shield":9,"minecraft:cooked_chicken":1,"minecraft:torch":6,"minecraft:dirt":13,"travelersbackpack:iron":1,"minecraft:granite":4,"minecraft:wooden_axe":38,"minecraft:lava_bucket":12,"minecraft:iron_axe":93,"minecraft:beef":13,"minecraft:furnace":4,"minecraft:egg":4,"minecraft:cooked_beef":4,"minecraft:cooked_mutton":1,"minecraft:water_bucket":60,"minecraft:birch_planks":3,"minecraft:stone_pickaxe":41,"minecraft:oak_planks":8,"minecraft:wooden_pickaxe":14,"minecraft:sugar_cane":29,"minecraft:crafting_table":9,"minecraft:white_bed":2,"minecraft:bread":9,"minecraft:iron_pickaxe":144,"minecraft:stone_axe":34,"minecraft:cobblestone":20,"minecraft:cooked_porkchop":11,"minecraft:porkchop":5,"minecraft:bucket":76},"minecraft:custom":{"minecraft:mob_kills":66,"minecraft:interact_with_crafting_table":19,"goblintraders:trade_with_goblin":15,"minecraft:bell_ring":1,"minecraft:leave_game":3,"minecraft:time_since_death":118387,"minecraft:climb_one_cm":3882,"minecraft:sprint_one_cm":432721,"minecraft:walk_one_cm":281839,"minecraft:damage_blocked_by_shield":620,"minecraft:drop":45,"minecraft:talked_to_villager":1,"minecraft:play_time":305357,"minecraft:deaths":6,"minecraft:sneak_time":18534,"minecraft:walk_under_water_one_cm":15341,"minecraft:jump":3607,"minecraft:walk_on_water_one_cm":44184,"minecraft:total_world_time":305357,"minecraft:interact_with_furnace":35,"minecraft:sleep_in_bed":1,"minecraft:time_since_rest":118421,"minecraft:waystone_activated":1,"minecraft:damage_taken":3115,"minecraft:damage_dealt":10829,"minecraft:swim_one_cm":53338,"minecraft:fly_one_cm":634699,"minecraft:player_kills":1,"minecraft:open_chest":14,"minecraft:crouch_one_cm":40604,"minecraft:fall_one_cm":99871},"minecraft:mined":{"minecraft:white_bed":1,"minecraft:granite":3,"minecraft:grass_block":2,"minecraft:hay_block":18,"dynamictrees:oak_leaves":4,"minecraft:glowstone":1,"minecraft:furnace":6,"minecraft:iron_ore":56,"minecraft:deepslate_lapis_ore":4,"minecraft:gold_block":1,"minecraft:deepslate_iron_ore":2,"minecraft:stone":44,"minecraft:crafting_table":7,"dynamictrees:acacia_leaves":1,"minecraft:chest":1,"minecraft:nether_quartz_ore":16,"minecraft:copper_ore":7,"minecraft:cobblestone":24,"minecraft:lapis_ore":2,"minecraft:sugar_cane":11,"minecraft:diorite":2,"minecraft:wall_torch":1,"minecraft:birch_log":24,"minecraft:birch_leaves":9,"minecraft:grass":14,"minecraft:coal_ore":19,"minecraft:dirt":1,"minecraft:netherrack":1,"minecraft:oak_leaves":2,"minecraft:deepslate":3},"minecraft:killed_by":{"minecraft:player":1,"minecraft:creeper":1,"minecraft:skeleton":1,"minecraft:zombie":2},"minecraft:picked_up":{"minecraft:wooden_axe":1,"minecraft:crafting_table":8,"minecraft:chicken":1,"minecraft:wooden_pickaxe":1,"minecraft:gold_block":1,"minecraft:birch_button":1,"minecraft:string":2,"minecraft:raw_copper":8,"minecraft:cobbled_deepslate":6,"minecraft:beef":23,"dynamictrees:oak_seed":5,"minecraft:sugar_cane":29,"minecraft:chest":1,"minecraft:birch_sapling":12,"minecraft:egg":5,"minecraft:furnace":9,"minecraft:raw_iron":58,"minecraft:stick":36,"minecraft:torch":3,"minecraft:porkchop":16,"minecraft:diorite":2,"minecraft:arrow":3,"minecraft:rotten_flesh":13,"minecraft:hay_block":18,"minecraft:mutton":17,"minecraft:cobblestone":66,"minecraft:white_wool":9,"minecraft:birch_log":19,"minecraft:feather":2,"minecraft:leather":17,"minecraft:birch_planks":133,"minecraft:oak_log":7,"minecraft:dirt":14,"minecraft:lapis_lazuli":47,"minecraft:cooked_mutton":11,"minecraft:bone":6,"minecraft:apple":7,"minecraft:wheat_seeds":8,"minecraft:stone_pickaxe":1,"minecraft:iron_ingot":38,"minecraft:cooked_porkchop":6,"dynamictrees:acacia_seed":2,"minecraft:white_bed":1,"minecraft:granite":4,"minecraft:gray_wool":1,"minecraft:coal":112},"minecraft:killed":{"minecraft:spider":2,"minecraft:skeleton":7,"minecraft:drowned":1,"minecraft:pig":8,"minecraft:creeper":4,"minecraft:sheep":10,"minecraft:zombie":25,"minecraft:cow":9}},"DataVersion":3465}