{"stats":{"minecraft:custom":{"minecraft:time_since_rest":9128,"minecraft:sprint_one_cm":37017,"minecraft:damage_taken":700,"minecraft:walk_one_cm":22964,"minecraft:mob_kills":8,"minecraft:drop":2,"minecraft:damage_dealt":1558,"minecraft:swim_one_cm":21893,"minecraft:interact_with_crafting_table":3,"minecraft:fly_one_cm":64578,"minecraft:crouch_one_cm":1559,"minecraft:play_time":39321,"minecraft:deaths":2,"minecraft:sneak_time":624,"minecraft:walk_under_water_one_cm":3178,"minecraft:jump":393,"minecraft:walk_on_water_one_cm":12330,"minecraft:time_since_death":9093,"minecraft:total_world_time":39321,"minecraft:climb_one_cm":645,"minecraft:fall_one_cm":11455},"minecraft:dropped":{"alexsmobs:maggot":1,"minecraft:rotten_flesh":2},"minecraft:used":{"minecraft:wooden_axe":13,"delightful:green_tea_leaf":1,"minecraft:crafting_table":3,"delightful:acorn":2},"minecraft:killed_by":{"alexsmobs:cachalot_whale":1,"minecraft:creeper":1},"minecraft:picked_up":{"minecraft:crafting_table":2,"minecraft:sand":3,"minecraft:oak_log":6,"minecraft:dirt":3,"minecraft:string":1,"minecraft:rotten_flesh":7,"delightful:acorn":2,"alexsmobs:maggot":1,"minecraft:oak_sapling":6,"twigs:twig":3,"delightful:green_tea_leaf":1},"minecraft:killed":{"minecraft:zombie":6,"minecraft:spider":1,"alexsmobs:fly":1},"minecraft:crafted":{"minecraft:oak_planks":24,"minecraft:crafting_table":1,"minecraft:stick":10,"minecraft:wooden_pickaxe":1,"minecraft:wooden_axe":1},"minecraft:mined":{"minecraft:crafting_table":2,"minecraft:grass_block":3,"minecraft:oak_log":6,"minecraft:sand":4,"minecraft:oak_leaves":1}},"DataVersion":3465}