{"stats":{"minecraft:custom":{"minecraft:time_since_rest":15321,"minecraft:crouch_one_cm":333,"minecraft:play_time":15321,"minecraft:sprint_one_cm":20604,"minecraft:damage_taken":210,"minecraft:walk_one_cm":12291,"minecraft:sneak_time":232,"minecraft:walk_under_water_one_cm":142,"minecraft:mob_kills":3,"minecraft:drop":1,"minecraft:jump":230,"minecraft:damage_dealt":588,"minecraft:time_since_death":15321,"minecraft:walk_on_water_one_cm":2597,"minecraft:climb_one_cm":457,"minecraft:total_world_time":15321,"minecraft:swim_one_cm":726,"minecraft:fall_one_cm":7080,"minecraft:fly_one_cm":36858},"minecraft:dropped":{"minecraft:rotten_flesh":2},"minecraft:used":{"delightful:green_tea_leaf":1,"delightful:acorn":2},"minecraft:picked_up":{"minecraft:rotten_flesh":2,"delightful:acorn":2,"minecraft:oak_log":6,"minecraft:oak_sapling":6,"twigs:twig":3,"delightful:green_tea_leaf":1,"minecraft:string":1},"minecraft:crafted":{"minecraft:oak_planks":24,"minecraft:crafting_table":1,"minecraft:stick":4},"minecraft:killed":{"minecraft:spider":1,"minecraft:zombie":2},"minecraft:mined":{"minecraft:oak_log":6}},"DataVersion":3465}