{"stats":{"minecraft:killed":{"minecraft:sheep":2,"minecraft:skeleton":2,"minecraft:zombie":9,"minecraft:spider":2,"alexsmobs:fly":1},"minecraft:killed_by":{"alexsmobs:cachalot_whale":1,"minecraft:creeper":1,"minecraft:zombie":1},"minecraft:used":{"minecraft:wooden_axe":23,"minecraft:wooden_pickaxe":14,"minecraft:torch":1,"minecraft:stone_axe":10,"minecraft:rotten_flesh":5,"delightful:green_tea_leaf":1,"twigs:bronzed_seashell":4,"minecraft:crafting_table":4,"delightful:acorn":2},"minecraft:picked_up":{"minecraft:crafting_table":4,"minecraft:sandstone":1,"minecraft:sand":3,"twigs:bronzed_seashell":2,"minecraft:oak_log":6,"minecraft:string":2,"minecraft:dirt":3,"minecraft:bone":1,"minecraft:rotten_flesh":14,"delightful:acorn":2,"twigs:twig":3,"alexsmobs:maggot":1,"minecraft:oak_sapling":6,"delightful:green_tea_leaf":1,"minecraft:sugar_cane":8,"minecraft:mutton":4,"minecraft:white_wool":2,"minecraft:cobblestone":10},"minecraft:crafted":{"minecraft:wooden_sword":1,"minecraft:oak_planks":24,"minecraft:shield":1,"minecraft:crafting_table":1,"minecraft:stick":10,"minecraft:wooden_pickaxe":1,"minecraft:wooden_axe":1,"minecraft:torch":4},"minecraft:dropped":{"minecraft:dirt":3,"alexsmobs:maggot":1,"minecraft:wooden_sword":1,"minecraft:rotten_flesh":5,"minecraft:sand":3,"minecraft:wooden_pickaxe":1},"minecraft:custom":{"minecraft:time_since_rest":23311,"minecraft:sprint_one_cm":67727,"minecraft:damage_taken":1018,"minecraft:walk_one_cm":54215,"minecraft:mob_kills":16,"minecraft:drop":13,"minecraft:damage_dealt":2871,"minecraft:swim_one_cm":122041,"minecraft:interact_with_crafting_table":4,"minecraft:fly_one_cm":117347,"minecraft:open_barrel":6,"minecraft:open_chest":2,"minecraft:crouch_one_cm":3909,"minecraft:play_time":82933,"minecraft:deaths":3,"minecraft:sneak_time":2029,"minecraft:walk_under_water_one_cm":34973,"minecraft:jump":853,"minecraft:leave_game":2,"minecraft:time_since_death":13796,"minecraft:walk_on_water_one_cm":41943,"minecraft:climb_one_cm":645,"minecraft:total_world_time":82933,"minecraft:fall_one_cm":18471},"minecraft:mined":{"twigs:bronzed_seashell":2,"minecraft:crafting_table":4,"minecraft:grass_block":3,"minecraft:oak_log":6,"minecraft:gravel":1,"minecraft:sand":4,"minecraft:stone":10,"minecraft:sugar_cane":4,"minecraft:sandstone":1,"minecraft:oak_leaves":1}},"DataVersion":3465}