{"stats":{"minecraft:killed_by":{"minecraft:player":2,"minecraft:creeper":2,"minecraft:skeleton":1,"minecraft:zombie":2},"minecraft:used":{"minecraft:flint_and_steel":1,"minecraft:chest":2,"minecraft:shield":9,"minecraft:iron_sword":16,"minecraft:cooked_chicken":1,"minecraft:netherrack":39,"minecraft:torch":7,"minecraft:dirt":13,"travelersbackpack:iron":1,"minecraft:granite":4,"minecraft:wooden_axe":38,"minecraft:lava_bucket":18,"minecraft:iron_axe":209,"minecraft:grass_block":25,"minecraft:beef":13,"minecraft:furnace":4,"minecraft:egg":4,"minecraft:cooked_beef":4,"minecraft:cooked_mutton":1,"minecraft:water_bucket":102,"minecraft:birch_planks":3,"minecraft:stone_pickaxe":41,"minecraft:oak_planks":8,"minecraft:ender_pearl":1,"minecraft:wooden_pickaxe":14,"minecraft:birch_boat":2,"minecraft:sugar_cane":29,"minecraft:crafting_table":10,"minecraft:white_bed":2,"minecraft:ender_eye":2,"minecraft:command_block":2,"minecraft:bread":43,"minecraft:iron_pickaxe":195,"minecraft:gravel":62,"minecraft:stone_axe":34,"minecraft:fire_charge":1,"minecraft:cobblestone":52,"travelersbackpack:magma_cube":2,"minecraft:porkchop":5,"minecraft:cooked_porkchop":11,"minecraft:bucket":125},"minecraft:dropped":{"minecraft:golden_boots":1,"minecraft:birch_planks":64,"minecraft:wheat_seeds":8,"minecraft:feather":2,"minecraft:apple":7,"minecraft:saddle":2,"minecraft:coal":45,"minecraft:flint":1,"minecraft:dirt":1,"minecraft:diorite":2,"minecraft:wooden_axe":1,"minecraft:iron_axe":1,"minecraft:string":2,"minecraft:birch_log":6,"dynamictrees:acacia_seed":2,"minecraft:gold_ingot":35,"travelersbackpack:magma_cube":1,"minecraft:gravel":2,"minecraft:furnace":6,"dynamictrees:crimson_seed":2,"minecraft:stone_axe":1,"dynamictrees:oak_seed":5,"minecraft:cobbled_deepslate":6,"minecraft:raw_copper":8,"minecraft:birch_sapling":13,"minecraft:rotten_flesh":12,"minecraft:cooked_mutton":10,"travelersbackpack:iron":1,"minecraft:birch_button":1,"minecraft:wooden_pickaxe":1,"minecraft:stone_pickaxe":1,"minecraft:quartz":12,"minecraft:egg":1},"minecraft:killed":{"minecraft:zombified_piglin":1,"minecraft:spider":2,"minecraft:skeleton":9,"minecraft:drowned":1,"minecraft:pig":8,"minecraft:creeper":4,"minecraft:sheep":10,"minecraft:zombie":25,"minecraft:cow":9,"minecraft:enderman":9,"minecraft:blaze":27},"minecraft:picked_up":{"minecraft:wooden_axe":1,"minecraft:crafting_table":9,"minecraft:chicken":1,"minecraft:wooden_pickaxe":1,"minecraft:gold_block":1,"minecraft:birch_button":1,"travelersbackpack:spider":1,"minecraft:string":2,"minecraft:raw_copper":8,"minecraft:gold_nugget":1,"minecraft:cobbled_deepslate":6,"minecraft:beef":23,"minecraft:ender_eye":1,"minecraft:iron_pickaxe":1,"dynamictrees:oak_seed":6,"minecraft:sugar_cane":29,"minecraft:chest":1,"minecraft:birch_sapling":12,"minecraft:furnace":9,"minecraft:iron_boots":1,"minecraft:egg":8,"minecraft:stick":36,"minecraft:raw_iron":58,"minecraft:torch":7,"minecraft:fire_charge":1,"minecraft:porkchop":16,"minecraft:diorite":2,"minecraft:arrow":13,"minecraft:rotten_flesh":17,"minecraft:nether_bricks":1,"dynamictrees:crimson_seed":2,"minecraft:hay_block":18,"minecraft:gold_ingot":29,"minecraft:blaze_rod":16,"minecraft:glow_berries":4,"minecraft:mutton":17,"minecraft:white_wool":9,"minecraft:cobblestone":66,"minecraft:birch_log":19,"minecraft:feather":2,"minecraft:basalt":8,"minecraft:water_bucket":1,"minecraft:leather":19,"minecraft:birch_planks":133,"minecraft:flint":1,"minecraft:oak_log":7,"minecraft:gunpowder":2,"minecraft:lapis_lazuli":47,"travelersbackpack:magma_cube":1,"minecraft:dirt":39,"minecraft:cooked_mutton":11,"minecraft:bone":18,"minecraft:apple":7,"minecraft:wheat_seeds":8,"minecraft:cooked_chicken":1,"minecraft:stone_pickaxe":1,"minecraft:iron_ingot":38,"minecraft:soul_sand":6,"minecraft:cooked_porkchop":6,"minecraft:birch_boat":2,"minecraft:quartz":12,"minecraft:gravel":72,"dynamictrees:acacia_seed":2,"minecraft:white_bed":1,"minecraft:crying_obsidian":4,"minecraft:granite":4,"minecraft:gray_wool":1,"minecraft:bread":2,"minecraft:warped_roots":9,"minecraft:netherrack":39,"minecraft:warped_nylium":10,"minecraft:coal":115,"minecraft:ender_pearl":8},"minecraft:custom":{"minecraft:mob_kills":105,"minecraft:interact_with_crafting_table":20,"goblintraders:trade_with_goblin":15,"minecraft:bell_ring":1,"minecraft:leave_game":4,"minecraft:time_since_death":4420,"minecraft:climb_one_cm":6681,"minecraft:sprint_one_cm":562373,"minecraft:walk_one_cm":415820,"minecraft:damage_blocked_by_shield":620,"minecraft:drop":66,"minecraft:talked_to_villager":1,"minecraft:play_time":424614,"minecraft:sneak_time":28687,"minecraft:deaths":11,"minecraft:walk_under_water_one_cm":24396,"minecraft:boat_one_cm":1,"minecraft:jump":5219,"minecraft:walk_on_water_one_cm":53491,"minecraft:total_world_time":424614,"minecraft:interact_with_furnace":35,"minecraft:sleep_in_bed":1,"minecraft:time_since_rest":4571,"minecraft:waystone_activated":2,"minecraft:damage_taken":5984,"minecraft:damage_dealt":20416,"minecraft:swim_one_cm":88437,"minecraft:player_kills":2,"minecraft:fly_one_cm":917359,"minecraft:open_chest":20,"minecraft:crouch_one_cm":64650,"minecraft:fall_one_cm":165495},"minecraft:crafted":{"minecraft:oak_planks":28,"minecraft:blaze_powder":2,"minecraft:birch_boat":1,"minecraft:cooked_chicken":1,"minecraft:furnace":1,"minecraft:iron_boots":1,"minecraft:iron_axe":2,"minecraft:stone_pickaxe":1,"minecraft:chest":1,"minecraft:ender_eye":2,"minecraft:golden_boots":1,"minecraft:wheat":162,"minecraft:cooked_beef":4,"minecraft:cooked_porkchop":10,"minecraft:crafting_table":3,"minecraft:wooden_pickaxe":1,"minecraft:iron_helmet":1,"minecraft:iron_sword":1,"minecraft:birch_planks":28,"minecraft:bucket":1,"minecraft:stone_axe":1,"minecraft:air":0,"minecraft:bread":54,"minecraft:iron_chestplate":1,"minecraft:shield":1,"minecraft:stick":4,"minecraft:iron_ingot":42,"minecraft:iron_pickaxe":2,"minecraft:wooden_axe":1,"minecraft:iron_leggings":1,"minecraft:gold_ingot":9,"minecraft:white_bed":1,"minecraft:torch":4},"minecraft:mined":{"minecraft:white_bed":1,"minecraft:nether_bricks":1,"minecraft:granite":3,"minecraft:grass_block":2,"minecraft:crimson_roots":1,"minecraft:hay_block":18,"dynamictrees:oak_leaves":5,"minecraft:glowstone":1,"minecraft:furnace":6,"minecraft:iron_ore":56,"minecraft:fire":12,"travelersbackpack:magma_cube":1,"minecraft:deepslate_lapis_ore":4,"minecraft:gold_block":1,"minecraft:deepslate_iron_ore":2,"minecraft:stone":44,"minecraft:basalt":9,"minecraft:crafting_table":8,"dynamictrees:acacia_leaves":1,"minecraft:warped_roots":6,"minecraft:chest":1,"minecraft:nether_quartz_ore":16,"minecraft:copper_ore":7,"minecraft:cobblestone":24,"minecraft:lapis_ore":2,"minecraft:sugar_cane":11,"dynamictrees:crimson_sapling":1,"minecraft:diorite":2,"minecraft:wall_torch":1,"minecraft:birch_log":24,"minecraft:birch_leaves":9,"minecraft:grass":16,"minecraft:coal_ore":19,"minecraft:gravel":10,"minecraft:dirt":1,"minecraft:netherrack":41,"minecraft:oak_leaves":2,"minecraft:deepslate":3}},"DataVersion":3465}