{"stats":{"minecraft:dropped":{"minecraft:furnace":6,"minecraft:stone_axe":1,"minecraft:birch_planks":64,"minecraft:wheat_seeds":5,"dynamictrees:oak_seed":5,"minecraft:cobbled_deepslate":6,"minecraft:raw_copper":8,"minecraft:birch_sapling":13,"minecraft:feather":2,"minecraft:apple":7,"minecraft:saddle":2,"minecraft:coal":45,"minecraft:dirt":1,"minecraft:diorite":2,"minecraft:wooden_axe":1,"minecraft:wooden_pickaxe":1,"minecraft:stone_pickaxe":1,"minecraft:string":2,"minecraft:birch_log":6,"dynamictrees:acacia_seed":2,"minecraft:egg":1},"minecraft:crafted":{"minecraft:cooked_beef":4,"minecraft:oak_planks":28,"minecraft:cooked_porkchop":10,"minecraft:crafting_table":2,"minecraft:iron_helmet":1,"minecraft:cooked_chicken":1,"minecraft:wooden_pickaxe":1,"minecraft:furnace":1,"minecraft:bucket":1,"minecraft:birch_planks":28,"minecraft:stone_axe":1,"minecraft:air":0,"minecraft:iron_boots":1,"minecraft:iron_chestplate":1,"minecraft:shield":1,"minecraft:iron_axe":1,"minecraft:stick":4,"minecraft:iron_ingot":42,"minecraft:iron_pickaxe":1,"minecraft:stone_pickaxe":1,"minecraft:wooden_axe":1,"minecraft:chest":1,"minecraft:iron_leggings":1,"minecraft:white_bed":1,"minecraft:torch":4},"minecraft:used":{"minecraft:water_bucket":15,"minecraft:stone_pickaxe":41,"minecraft:oak_planks":8,"minecraft:chest":1,"minecraft:wooden_pickaxe":14,"minecraft:shield":4,"minecraft:cooked_chicken":1,"minecraft:torch":6,"minecraft:dirt":13,"minecraft:crafting_table":6,"minecraft:white_bed":1,"minecraft:granite":4,"minecraft:wooden_axe":38,"minecraft:lava_bucket":1,"minecraft:iron_axe":62,"minecraft:iron_pickaxe":98,"minecraft:stone_axe":34,"minecraft:cobblestone":5,"minecraft:beef":10,"minecraft:furnace":4,"minecraft:porkchop":5,"minecraft:cooked_porkchop":8,"minecraft:bucket":17,"minecraft:egg":4,"minecraft:cooked_beef":4},"minecraft:custom":{"minecraft:interact_with_furnace":30,"minecraft:mob_kills":53,"minecraft:interact_with_crafting_table":15,"goblintraders:trade_with_goblin":15,"minecraft:leave_game":3,"minecraft:time_since_death":4387,"minecraft:sleep_in_bed":1,"minecraft:climb_one_cm":1162,"minecraft:time_since_rest":4421,"minecraft:sprint_one_cm":276849,"minecraft:damage_taken":2505,"minecraft:walk_one_cm":208637,"minecraft:damage_blocked_by_shield":465,"minecraft:drop":34,"minecraft:damage_dealt":8396,"minecraft:swim_one_cm":28823,"minecraft:player_kills":1,"minecraft:fly_one_cm":378015,"minecraft:open_chest":1,"minecraft:crouch_one_cm":30725,"minecraft:play_time":191357,"minecraft:sneak_time":14034,"minecraft:deaths":6,"minecraft:walk_under_water_one_cm":12556,"minecraft:jump":2376,"minecraft:walk_on_water_one_cm":33690,"minecraft:total_world_time":191357,"minecraft:fall_one_cm":63638},"minecraft:mined":{"minecraft:white_bed":1,"minecraft:crafting_table":6,"minecraft:granite":3,"dynamictrees:acacia_leaves":1,"minecraft:grass_block":2,"minecraft:copper_ore":7,"minecraft:lapis_ore":2,"minecraft:sugar_cane":8,"minecraft:diorite":2,"minecraft:wall_torch":1,"minecraft:furnace":6,"minecraft:birch_log":24,"minecraft:iron_ore":56,"minecraft:birch_leaves":9,"minecraft:deepslate_lapis_ore":4,"minecraft:grass":11,"minecraft:coal_ore":19,"minecraft:deepslate_iron_ore":2,"minecraft:dirt":1,"minecraft:stone":43,"minecraft:deepslate":3},"minecraft:killed_by":{"minecraft:player":1,"minecraft:skeleton":1,"minecraft:creeper":1,"minecraft:zombie":2},"minecraft:picked_up":{"minecraft:wooden_axe":1,"minecraft:birch_log":19,"minecraft:crafting_table":6,"minecraft:feather":2,"minecraft:chicken":1,"minecraft:leather":17,"minecraft:wooden_pickaxe":1,"minecraft:birch_planks":133,"minecraft:oak_log":7,"minecraft:lapis_lazuli":47,"minecraft:dirt":14,"minecraft:string":2,"minecraft:raw_copper":8,"minecraft:bone":6,"minecraft:apple":6,"minecraft:wheat_seeds":5,"minecraft:cobbled_deepslate":6,"minecraft:iron_ingot":38,"minecraft:beef":20,"minecraft:stone_pickaxe":1,"dynamictrees:oak_seed":5,"minecraft:sugar_cane":23,"minecraft:birch_sapling":12,"minecraft:furnace":9,"minecraft:egg":5,"minecraft:stick":32,"minecraft:raw_iron":58,"minecraft:cooked_porkchop":1,"minecraft:torch":3,"minecraft:porkchop":16,"dynamictrees:acacia_seed":2,"minecraft:diorite":2,"minecraft:white_bed":1,"minecraft:arrow":2,"minecraft:rotten_flesh":12,"minecraft:granite":4,"minecraft:mutton":4,"minecraft:coal":112,"minecraft:white_wool":4,"minecraft:cobblestone":42},"minecraft:killed":{"minecraft:pig":8,"minecraft:spider":2,"minecraft:creeper":2,"minecraft:skeleton":5,"minecraft:sheep":4,"minecraft:zombie":22,"minecraft:drowned":1,"minecraft:cow":9}},"DataVersion":3465}