{"stats":{"minecraft:killed":{"minecraft:sheep":2,"minecraft:skeleton":1,"minecraft:zombie":7,"minecraft:spider":1,"alexsmobs:fly":1},"minecraft:killed_by":{"alexsmobs:cachalot_whale":1,"minecraft:creeper":1},"minecraft:used":{"minecraft:wooden_axe":21,"minecraft:wooden_pickaxe":14,"minecraft:rotten_flesh":5,"delightful:green_tea_leaf":1,"twigs:bronzed_seashell":3,"minecraft:crafting_table":3,"delightful:acorn":2},"minecraft:picked_up":{"minecraft:crafting_table":3,"minecraft:sandstone":1,"minecraft:sand":3,"twigs:bronzed_seashell":2,"minecraft:oak_log":6,"minecraft:string":1,"minecraft:dirt":3,"minecraft:rotten_flesh":10,"delightful:acorn":2,"twigs:twig":3,"alexsmobs:maggot":1,"minecraft:oak_sapling":6,"delightful:green_tea_leaf":1,"minecraft:sugar_cane":8,"minecraft:mutton":4,"minecraft:white_wool":2,"minecraft:cobblestone":10},"minecraft:crafted":{"minecraft:wooden_sword":1,"minecraft:oak_planks":24,"minecraft:crafting_table":1,"minecraft:stick":10,"minecraft:wooden_pickaxe":1,"minecraft:wooden_axe":1},"minecraft:dropped":{"minecraft:dirt":3,"alexsmobs:maggot":1,"minecraft:rotten_flesh":5,"minecraft:sand":3},"minecraft:custom":{"minecraft:time_since_rest":26782,"minecraft:sprint_one_cm":59502,"minecraft:damage_taken":870,"minecraft:walk_one_cm":38783,"minecraft:mob_kills":12,"minecraft:drop":11,"minecraft:damage_dealt":2111,"minecraft:swim_one_cm":70273,"minecraft:interact_with_crafting_table":3,"minecraft:fly_one_cm":105532,"minecraft:crouch_one_cm":3349,"minecraft:play_time":56975,"minecraft:deaths":2,"minecraft:sneak_time":1652,"minecraft:walk_under_water_one_cm":28754,"minecraft:jump":730,"minecraft:leave_game":1,"minecraft:time_since_death":26747,"minecraft:walk_on_water_one_cm":31163,"minecraft:climb_one_cm":645,"minecraft:total_world_time":56975,"minecraft:fall_one_cm":16948},"minecraft:mined":{"twigs:bronzed_seashell":2,"minecraft:crafting_table":3,"minecraft:grass_block":3,"minecraft:oak_log":6,"minecraft:sand":4,"minecraft:stone":10,"minecraft:sugar_cane":4,"minecraft:sandstone":1,"minecraft:oak_leaves":1}},"DataVersion":3465}