{"stats":{"minecraft:custom":{"minecraft:deaths":1,"minecraft:time_since_rest":7656,"minecraft:crouch_one_cm":1047,"minecraft:play_time":27321,"minecraft:sprint_one_cm":28084,"minecraft:damage_taken":390,"minecraft:walk_one_cm":16044,"minecraft:sneak_time":436,"minecraft:walk_under_water_one_cm":311,"minecraft:mob_kills":4,"minecraft:drop":2,"minecraft:jump":286,"minecraft:damage_dealt":688,"minecraft:time_since_death":7607,"minecraft:walk_on_water_one_cm":5547,"minecraft:climb_one_cm":645,"minecraft:total_world_time":27321,"minecraft:interact_with_crafting_table":2,"minecraft:swim_one_cm":1355,"minecraft:fall_one_cm":9192,"minecraft:fly_one_cm":45998},"minecraft:dropped":{"minecraft:rotten_flesh":2,"alexsmobs:maggot":1},"minecraft:used":{"minecraft:wooden_axe":2,"delightful:green_tea_leaf":1,"minecraft:crafting_table":2,"delightful:acorn":2},"minecraft:killed_by":{"minecraft:creeper":1},"minecraft:picked_up":{"minecraft:crafting_table":2,"minecraft:rotten_flesh":2,"delightful:acorn":2,"minecraft:oak_log":6,"alexsmobs:maggot":1,"minecraft:oak_sapling":6,"twigs:twig":3,"delightful:green_tea_leaf":1,"minecraft:string":1},"minecraft:crafted":{"minecraft:oak_planks":24,"minecraft:crafting_table":1,"minecraft:stick":10,"minecraft:wooden_pickaxe":1,"minecraft:wooden_axe":1},"minecraft:killed":{"minecraft:spider":1,"alexsmobs:fly":1,"minecraft:zombie":2},"minecraft:mined":{"minecraft:oak_log":6,"minecraft:oak_leaves":1,"minecraft:crafting_table":2}},"DataVersion":3465}