{"stats":{"minecraft:used":{"minecraft:oak_planks":85,"minecraft:wooden_pickaxe":14,"minecraft:rotten_flesh":5,"minecraft:torch":1,"minecraft:crafting_table":4,"minecraft:wooden_axe":23,"minecraft:iron_pickaxe":9,"minecraft:stone_axe":79,"delightful:green_tea_leaf":1,"twigs:bronzed_seashell":4,"minecraft:cobblestone":2,"delightful:acorn":2},"minecraft:custom":{"minecraft:mob_kills":16,"minecraft:interact_with_crafting_table":4,"minecraft:open_barrel":11,"minecraft:leave_game":4,"minecraft:time_since_death":11046,"minecraft:climb_one_cm":1094,"minecraft:time_since_rest":11084,"minecraft:sprint_one_cm":86615,"minecraft:damage_taken":1018,"minecraft:walk_one_cm":78717,"minecraft:drop":19,"minecraft:damage_dealt":2970,"minecraft:swim_one_cm":180952,"minecraft:fly_one_cm":213522,"minecraft:open_chest":2,"minecraft:crouch_one_cm":9399,"minecraft:play_time":116187,"minecraft:deaths":4,"minecraft:sneak_time":4453,"minecraft:walk_under_water_one_cm":46189,"minecraft:jump":1115,"minecraft:walk_on_water_one_cm":51770,"minecraft:total_world_time":116187,"minecraft:fall_one_cm":19957},"minecraft:dropped":{"alexsmobs:maggot":1,"delightful:cantaloupe":1,"minecraft:rotten_flesh":9,"delightful:mini_melon":1,"minecraft:dirt":3,"delightful:acorn":3,"minecraft:wooden_sword":1,"minecraft:sandstone":1,"minecraft:sand":3,"minecraft:wooden_pickaxe":1,"twigs:twig":11},"minecraft:crafted":{"minecraft:wooden_sword":1,"minecraft:oak_planks":216,"minecraft:crafting_table":1,"minecraft:wooden_pickaxe":1,"minecraft:shield":1,"minecraft:stick":10,"minecraft:wooden_axe":1,"minecraft:torch":4},"minecraft:killed_by":{"minecraft:creeper":1,"minecraft:zombie":1,"alexsmobs:cachalot_whale":1},"minecraft:killed":{"minecraft:spider":2,"minecraft:sheep":2,"minecraft:skeleton":2,"minecraft:zombie":9,"alexsmobs:fly":1},"minecraft:mined":{"twigs:pebble":1,"minecraft:crafting_table":4,"minecraft:grass_block":3,"delightful:cantaloupe_plant":1,"minecraft:tall_grass":1,"minecraft:sugar_cane":4,"minecraft:oak_planks":3,"minecraft:sandstone":1,"delightful:cantaloupe":1,"twigs:bronzed_seashell":2,"minecraft:grass":3,"minecraft:oak_log":65,"minecraft:gravel":1,"minecraft:sand":4,"minecraft:stone":19,"minecraft:oak_leaves":1,"minecraft:fern":1},"minecraft:picked_up":{"minecraft:crafting_table":4,"delightful:cantaloupe":1,"minecraft:oak_log":54,"minecraft:dirt":3,"minecraft:string":2,"minecraft:bone":1,"minecraft:apple":3,"delightful:acorn":5,"twigs:pebble":1,"delightful:green_tea_leaf":1,"twigs:twig":14,"minecraft:sugar_cane":8,"minecraft:oak_planks":1,"minecraft:sandstone":1,"twigs:bronzed_seashell":2,"minecraft:sand":3,"minecraft:rotten_flesh":14,"alexsmobs:maggot":1,"minecraft:oak_sapling":18,"minecraft:mutton":4,"minecraft:white_wool":2,"minecraft:cobblestone":14}},"DataVersion":3465}