{"stats":{"minecraft:dropped":{"minecraft:furnace":6,"minecraft:stone_axe":1,"minecraft:birch_planks":64,"minecraft:wheat_seeds":1,"dynamictrees:oak_seed":5,"minecraft:birch_sapling":13,"minecraft:feather":2,"minecraft:apple":7,"minecraft:saddle":2,"minecraft:dirt":1,"minecraft:wooden_axe":1,"minecraft:wooden_pickaxe":1,"minecraft:stone_pickaxe":1,"minecraft:birch_log":6,"minecraft:egg":1},"minecraft:crafted":{"minecraft:cooked_beef":4,"minecraft:oak_planks":28,"minecraft:cooked_porkchop":10,"minecraft:crafting_table":2,"minecraft:iron_helmet":1,"minecraft:cooked_chicken":1,"minecraft:wooden_pickaxe":1,"minecraft:furnace":1,"minecraft:bucket":1,"minecraft:birch_planks":28,"minecraft:stone_axe":1,"minecraft:air":0,"minecraft:iron_boots":1,"minecraft:iron_chestplate":1,"minecraft:shield":1,"minecraft:iron_axe":1,"minecraft:stick":4,"minecraft:iron_ingot":12,"minecraft:iron_pickaxe":1,"minecraft:stone_pickaxe":1,"minecraft:wooden_axe":1,"minecraft:iron_leggings":1,"minecraft:white_bed":1,"minecraft:torch":4},"minecraft:used":{"minecraft:water_bucket":12,"minecraft:stone_pickaxe":41,"minecraft:oak_planks":8,"minecraft:wooden_pickaxe":14,"minecraft:shield":3,"minecraft:cooked_chicken":1,"minecraft:torch":3,"minecraft:dirt":13,"minecraft:crafting_table":6,"minecraft:white_bed":1,"minecraft:wooden_axe":38,"minecraft:lava_bucket":1,"minecraft:iron_axe":38,"minecraft:iron_pickaxe":56,"minecraft:stone_axe":34,"minecraft:cobblestone":5,"minecraft:beef":10,"minecraft:furnace":4,"minecraft:porkchop":5,"minecraft:cooked_porkchop":4,"minecraft:bucket":13,"minecraft:egg":1,"minecraft:cooked_beef":4},"minecraft:custom":{"minecraft:interact_with_furnace":24,"minecraft:mob_kills":41,"minecraft:interact_with_crafting_table":13,"minecraft:leave_game":3,"minecraft:time_since_death":72089,"minecraft:sleep_in_bed":1,"minecraft:climb_one_cm":1162,"minecraft:time_since_rest":72111,"minecraft:sprint_one_cm":216352,"minecraft:damage_taken":2030,"minecraft:walk_one_cm":168864,"minecraft:damage_blocked_by_shield":435,"minecraft:drop":26,"minecraft:damage_dealt":6105,"minecraft:swim_one_cm":23846,"minecraft:player_kills":1,"minecraft:fly_one_cm":282269,"minecraft:crouch_one_cm":22734,"minecraft:play_time":143357,"minecraft:sneak_time":9856,"minecraft:deaths":5,"minecraft:walk_under_water_one_cm":10181,"minecraft:jump":1707,"minecraft:walk_on_water_one_cm":21782,"minecraft:total_world_time":143357,"minecraft:fall_one_cm":42652},"minecraft:mined":{"minecraft:white_bed":1,"minecraft:crafting_table":6,"dynamictrees:acacia_leaves":1,"minecraft:grass_block":2,"minecraft:lapis_ore":2,"minecraft:sugar_cane":8,"minecraft:furnace":6,"minecraft:birch_log":24,"minecraft:iron_ore":41,"minecraft:birch_leaves":9,"minecraft:deepslate_lapis_ore":4,"minecraft:grass":9,"minecraft:coal_ore":18,"minecraft:deepslate_iron_ore":2,"minecraft:dirt":1,"minecraft:stone":29,"minecraft:deepslate":3},"minecraft:killed_by":{"minecraft:player":1,"minecraft:skeleton":1,"minecraft:creeper":1,"minecraft:zombie":2},"minecraft:picked_up":{"minecraft:wooden_axe":1,"minecraft:birch_log":19,"minecraft:crafting_table":6,"minecraft:feather":2,"minecraft:chicken":1,"minecraft:leather":17,"minecraft:wooden_pickaxe":1,"minecraft:birch_planks":133,"minecraft:oak_log":7,"minecraft:lapis_lazuli":47,"minecraft:dirt":14,"minecraft:string":2,"minecraft:apple":6,"minecraft:wheat_seeds":2,"minecraft:cobbled_deepslate":6,"minecraft:iron_ingot":38,"minecraft:beef":20,"minecraft:stone_pickaxe":1,"dynamictrees:oak_seed":5,"minecraft:sugar_cane":23,"minecraft:birch_sapling":12,"minecraft:furnace":9,"minecraft:egg":2,"minecraft:stick":25,"minecraft:raw_iron":43,"minecraft:cooked_porkchop":1,"minecraft:torch":1,"minecraft:porkchop":16,"minecraft:white_bed":1,"minecraft:arrow":2,"minecraft:rotten_flesh":8,"minecraft:mutton":4,"minecraft:coal":81,"minecraft:white_wool":4,"minecraft:cobblestone":30},"minecraft:killed":{"minecraft:pig":8,"minecraft:spider":2,"minecraft:skeleton":1,"minecraft:sheep":4,"minecraft:zombie":16,"minecraft:drowned":1,"minecraft:cow":9}},"DataVersion":3465}