{"stats":{"minecraft:custom":{"minecraft:time_since_rest":18665,"minecraft:crouch_one_cm":179,"minecraft:play_time":18665,"minecraft:sprint_one_cm":15080,"minecraft:damage_taken":225,"minecraft:walk_one_cm":15719,"minecraft:sneak_time":116,"minecraft:walk_under_water_one_cm":339,"minecraft:mob_kills":3,"minecraft:drop":1,"minecraft:jump":197,"minecraft:damage_dealt":590,"minecraft:leave_game":3,"minecraft:walk_on_water_one_cm":832,"minecraft:time_since_death":18665,"minecraft:total_world_time":18665,"minecraft:swim_one_cm":2948,"minecraft:interact_with_crafting_table":1,"minecraft:fall_one_cm":4664,"minecraft:fly_one_cm":31035,"minecraft:horse_one_cm":235},"minecraft:picked_up":{"minecraft:crafting_table":1,"minecraft:rotten_flesh":3,"minecraft:wheat_seeds":1,"delightful:acorn":1,"minecraft:oak_log":6,"alexsmobs:maggot":2,"twigs:twig":1,"minecraft:sugar_cane":6},"minecraft:killed":{"minecraft:zombie":2,"minecraft:zombie_villager":1},"minecraft:used":{"minecraft:rotten_flesh":2,"minecraft:wooden_axe":4,"alexsmobs:maggot":2,"minecraft:crafting_table":1,"minecraft:bread":1,"delightful:acorn":1},"minecraft:dropped":{"minecraft:wheat_seeds":1},"minecraft:mined":{"minecraft:grass":3,"minecraft:oak_log":6,"minecraft:sugar_cane":2,"minecraft:oak_leaves":2,"minecraft:crafting_table":1},"minecraft:crafted":{"minecraft:oak_planks":32,"minecraft:crafting_table":1,"minecraft:stick":6,"minecraft:wooden_pickaxe":1,"minecraft:wooden_axe":1}},"DataVersion":3465}